qid	rank	docid	score	title	query_5w	query_text
1	1	72	12.314356	[studies on aging with horse crystalline lens gel as a contribution to biomorphosis of the mammalian crystalline lens .]	the crystalline lens in vertebrates	the crystalline lens in vertebrates, including humans.
1	2	181	8.61709	[the insoluble proteins of bovine crystalline lens .]	the crystalline lens in vertebrates	the crystalline lens in vertebrates, including humans.
1	3	500	6.9686913	[1949.]	the crystalline lens in vertebrates	the crystalline lens in vertebrates, including humans.
1	4	166	5.913895	[changes in dna, rna, and protein synthesis in the developing lens .]	the crystalline lens in vertebrates	the crystalline lens in vertebrates, including humans.
1	5	167	5.6089554	[amino acid transport in the lens in relation to sugar cataracts .]	the crystalline lens in vertebrates	the crystalline lens in vertebrates, including humans.
1	6	142	5.5858464	[the effects of electrophoretically separated lens proteins on lens regeneration in diemyctylus viridescens .]	the crystalline lens in vertebrates	the crystalline lens in vertebrates, including humans.
1	7	15	5.5462112	[lens development.]	the crystalline lens in vertebrates	the crystalline lens in vertebrates, including humans.
1	8	184	5.5054846	[an investigation of mitotic control in the rabbit lens epithelium .]	the crystalline lens in vertebrates	the crystalline lens in vertebrates, including humans.
1	9	165	5.490996	[nucleic acid metabolism in the lens iii.]	the crystalline lens in vertebrates	the crystalline lens in vertebrates, including humans.
1	10	183	5.490996	[nucleic acid metabolism in the lens iii.]	the crystalline lens in vertebrates	the crystalline lens in vertebrates, including humans.
2	1	669	5.581801	[renal factors in the pathogenesis of hypertension renal arteriography and other modern diagnostic procedures have provided the means of establishing a close relationship between high blood pressure and renovascular disease.]	the relationship of blood and	the relationship of blood and cerebrospinal fluid oxygen concentrations or partial pressures.  a method of interest is polarography.
2	2	258	5.3321166	[the determinants of cerebrospinal fluid po2 the effects of oxygen and carbon dioxide breathing in patients with chronic lung disease .]	the relationship of blood and	the relationship of blood and cerebrospinal fluid oxygen concentrations or partial pressures.  a method of interest is polarography.
2	3	566	5.1532555	[relationship of maximal tubular phosphate reabsorption to filtration rate in the dog a maximal renal tubular rate of reabsorption of phos- phate (tmp) has been demonstrated in the normal dog.]	the relationship of blood and	the relationship of blood and cerebrospinal fluid oxygen concentrations or partial pressures.  a method of interest is polarography.
2	4	1024	4.87816	[some bone lesions in the course of blood diseases with special reference to the formation of bony callus and to the treatment of fractures in patients suffering from blood diseases.]	the relationship of blood and	the relationship of blood and cerebrospinal fluid oxygen concentrations or partial pressures.  a method of interest is polarography.
2	5	4	4.7586865	[placental and cord blood lipids.]	the relationship of blood and	the relationship of blood and cerebrospinal fluid oxygen concentrations or partial pressures.  a method of interest is polarography.
2	6	80	4.6507797	[rate of change of carbon dioxide tension in arterial blood, jugular venous blood and cisternal cerebrospinal fluid on carbon dioxide administration .]	the relationship of blood and	the relationship of blood and cerebrospinal fluid oxygen concentrations or partial pressures.  a method of interest is polarography.
2	7	10	4.5339503	[changes in blood glucose and non-esterified fatty acids in the foetal and newborn lamb after injection of adrenaline .]	the relationship of blood and	the relationship of blood and cerebrospinal fluid oxygen concentrations or partial pressures.  a method of interest is polarography.
2	8	191	4.5264487	[the occurrence of megakaryocytes in the peripheral blood of dogs .]	the relationship of blood and	the relationship of blood and cerebrospinal fluid oxygen concentrations or partial pressures.  a method of interest is polarography.
2	9	52	4.4444	[blood and bone marrow damage caused by drugs .]	the relationship of blood and	the relationship of blood and cerebrospinal fluid oxygen concentrations or partial pressures.  a method of interest is polarography.
2	10	75	4.400474	[postural changes in blood distribution and its relation to the change in cardiac output .]	the relationship of blood and	the relationship of blood and cerebrospinal fluid oxygen concentrations or partial pressures.  a method of interest is polarography.
3	1	160	14.165159	[electron microscopy of the bovine lung.]	electron microscopy of lung or	electron microscopy of lung or bronchi.
3	2	70	10.316764	[a light and electron microscope study of developing respiratory tissue in the rat .]	electron microscopy of lung or	electron microscopy of lung or bronchi.
3	3	78	10.144554	[electron microscopy of cytoplasmic inclusions within /macrophages/ of human tissue .]	electron microscopy of lung or	electron microscopy of lung or bronchi.
3	4	234	8.252838	[cortisone and atypical pulmonary /epithelial/ hyperplasia further studies including electron microscopy, tissue culture, animal transplantation and long term observations .]	electron microscopy of lung or	electron microscopy of lung or bronchi.
3	5	230	7.989738	[the morphologic demonstration of an alveolar lining layer and its relationship to pulmonary surfactant .]	electron microscopy of lung or	electron microscopy of lung or bronchi.
3	6	71	7.336397	[the pathogenesis of viral influenzal pneumonia in mice .]	electron microscopy of lung or	electron microscopy of lung or bronchi.
3	7	11	7.335475	[electron-microscopic observatations on transference of fat through the human placenta .]	electron microscopy of lung or	electron microscopy of lung or bronchi.
3	8	286	7.022642	[632.]	electron microscopy of lung or	electron microscopy of lung or bronchi.
3	9	906	5.910293	[fine structure of staphylococccal l-forms.]	electron microscopy of lung or	electron microscopy of lung or bronchi.
3	10	282	5.451899	[617.]	electron microscopy of lung or	electron microscopy of lung or bronchi.
4	1	177	10.257851	[effect of parathyroid and other human tumors and tissues on bone resorption in tissue culture .]	tissue culture of lung or	tissue culture of lung or bronchial neoplasms.
4	2	209	9.353235	[mitotic lymphocytes in primary tissue cultures of normal and neoplastic human lung .]	tissue culture of lung or	tissue culture of lung or bronchial neoplasms.
4	3	234	9.133022	[cortisone and atypical pulmonary /epithelial/ hyperplasia further studies including electron microscopy, tissue culture, animal transplantation and long term observations .]	tissue culture of lung or	tissue culture of lung or bronchial neoplasms.
4	4	156	8.194995	[a comparison of the cytologic effects of leurosine methiodide and vinblastine in tissue culture .]	tissue culture of lung or	tissue culture of lung or bronchial neoplasms.
4	5	913	8.006433	[electron microscopic studies of mycoplasma (pplo strain 880) in artificial medium and in tissue culture.]	tissue culture of lung or	tissue culture of lung or bronchial neoplasms.
4	6	94	7.685635	[transformation of bovine cells in vitro after inoculation of simian virus 40 or its nucleic acid .]	tissue culture of lung or	tissue culture of lung or bronchial neoplasms.
4	7	207	6.8750706	[establishment of a cell line in vitro from a case of human lung cancer .]	tissue culture of lung or	tissue culture of lung or bronchial neoplasms.
4	8	405	6.631872	[1207.]	tissue culture of lung or	tissue culture of lung or bronchial neoplasms.
4	9	70	6.3791776	[a light and electron microscope study of developing respiratory tissue in the rat .]	tissue culture of lung or	tissue culture of lung or bronchial neoplasms.
4	10	259	6.3376374	[the behavior of lymphocytes in primary explants of human lung cancer in vitro .]	tissue culture of lung or	tissue culture of lung or bronchial neoplasms.
5	1	8	10.545015	[essential fatty acids and acids with trans-configuration in the subcutaneous and visceral fat of the newborn .]	the crossing of fatty acids	the crossing of fatty acids through the placental barrier.  normal fatty acid levels in placenta and fetus.
5	2	10	10.1421	[changes in blood glucose and non-esterified fatty acids in the foetal and newborn lamb after injection of adrenaline .]	the crossing of fatty acids	the crossing of fatty acids through the placental barrier.  normal fatty acid levels in placenta and fetus.
5	3	6	9.637857	[the concentration of non-esterified fatty acids in maternal and fetal plasma in intact, alloxan-diabetic and x-ray-irradiated rats .]	the crossing of fatty acids	the crossing of fatty acids through the placental barrier.  normal fatty acid levels in placenta and fetus.
5	4	188	8.732286	[release of free fatty acids from adipose tissue obtained from newborn infants .]	the crossing of fatty acids	the crossing of fatty acids through the placental barrier.  normal fatty acid levels in placenta and fetus.
5	5	5	7.170466	[free fatty acid concentration in maternal plasma and fetal body fat content .]	the crossing of fatty acids	the crossing of fatty acids through the placental barrier.  normal fatty acid levels in placenta and fetus.
5	6	308	6.116359	[5196.]	the crossing of fatty acids	the crossing of fatty acids through the placental barrier.  normal fatty acid levels in placenta and fetus.
5	7	330	6.1152716	[3682.]	the crossing of fatty acids	the crossing of fatty acids through the placental barrier.  normal fatty acid levels in placenta and fetus.
5	8	159	6.0136614	[studies of the generalized shwartzman reaction induced by diet vi.]	the crossing of fatty acids	the crossing of fatty acids through the placental barrier.  normal fatty acid levels in placenta and fetus.
5	9	327	5.892446	[1547.]	the crossing of fatty acids	the crossing of fatty acids through the placental barrier.  normal fatty acid levels in placenta and fetus.
5	10	333	5.8814163	[3107.]	the crossing of fatty acids	the crossing of fatty acids through the placental barrier.  normal fatty acid levels in placenta and fetus.
6	1	112	16.345348	[cardiac malformations associated with ventricular septal defect .]	ventricular septal defect occurring in	ventricular septal defect occurring in association with aortic regurgitation.
6	2	253	16.3086	[radical operation for ventricular septal defect in infancy .]	ventricular septal defect occurring in	ventricular septal defect occurring in association with aortic regurgitation.
6	3	116	15.2851305	[ventricular septal defect and aortic regurgitation clinical, hemodynamic and surgical considerations .]	ventricular septal defect occurring in	ventricular septal defect occurring in association with aortic regurgitation.
6	4	238	15.181219	[ventricular septal defect with prolapsed aortic valve and outflow tract obstruction .]	ventricular septal defect occurring in	ventricular septal defect occurring in association with aortic regurgitation.
6	5	115	13.519914	[a study of ventricular septal defect associated with aortic insufficiency .]	ventricular septal defect occurring in	ventricular septal defect occurring in association with aortic regurgitation.
6	6	242	13.519256	[surgical treatment of ventricular septal defect .]	ventricular septal defect occurring in	ventricular septal defect occurring in association with aortic regurgitation.
6	7	260	12.940943	[ventricular septal defect with aortic insufficiency a clinical and hemodynamic study of 18 proved cases .]	ventricular septal defect occurring in	ventricular septal defect occurring in association with aortic regurgitation.
6	8	267	10.584356	[surgical treatment of atrial septal defect under hypothermia .]	ventricular septal defect occurring in	ventricular septal defect occurring in association with aortic regurgitation.
6	9	31	9.702204	[a case of interventricular septal defect with dextrocardia and situs inversus treated by surgery .]	ventricular septal defect occurring in	ventricular septal defect occurring in association with aortic regurgitation.
6	10	243	9.431277	[some hemodynamic observations in congenital heart disease with special reference to pressure curves in ductus arteriosus .]	ventricular septal defect occurring in	ventricular septal defect occurring in association with aortic regurgitation.
7	1	189	8.904093	[detection of pericardial effusion by radioisotope heart scanning .]	radioisotopes in heart scanning mainly	radioisotopes in heart scanning.  mainly used in diagnosis of pericardial effusions.  also used to study tumors, heart enlargement, aneurysms and pericardial thickening.  technetium, rihsa, radioactive hippurate, cholegraffin are used.
7	2	82	7.377071	[cesium-131 uptake and distribution in the human heart.]	radioisotopes in heart scanning mainly	radioisotopes in heart scanning.  mainly used in diagnosis of pericardial effusions.  also used to study tumors, heart enlargement, aneurysms and pericardial thickening.  technetium, rihsa, radioactive hippurate, cholegraffin are used.
7	3	92	6.6236825	[demonstration of ventricular aneurysms by radioisotope scanning .]	radioisotopes in heart scanning mainly	radioisotopes in heart scanning.  mainly used in diagnosis of pericardial effusions.  also used to study tumors, heart enlargement, aneurysms and pericardial thickening.  technetium, rihsa, radioactive hippurate, cholegraffin are used.
7	4	391	5.702862	[1671.]	radioisotopes in heart scanning mainly	radioisotopes in heart scanning.  mainly used in diagnosis of pericardial effusions.  also used to study tumors, heart enlargement, aneurysms and pericardial thickening.  technetium, rihsa, radioactive hippurate, cholegraffin are used.
7	5	114	5.6014943	[congenital heart disease in the adult .]	radioisotopes in heart scanning mainly	radioisotopes in heart scanning.  mainly used in diagnosis of pericardial effusions.  also used to study tumors, heart enlargement, aneurysms and pericardial thickening.  technetium, rihsa, radioactive hippurate, cholegraffin are used.
7	6	97	5.3713236	[attitudinal factors in congenital heart disease .]	radioisotopes in heart scanning mainly	radioisotopes in heart scanning.  mainly used in diagnosis of pericardial effusions.  also used to study tumors, heart enlargement, aneurysms and pericardial thickening.  technetium, rihsa, radioactive hippurate, cholegraffin are used.
7	7	139	5.023277	[surgical aspects of heart disease in pregnancy .]	radioisotopes in heart scanning mainly	radioisotopes in heart scanning.  mainly used in diagnosis of pericardial effusions.  also used to study tumors, heart enlargement, aneurysms and pericardial thickening.  technetium, rihsa, radioactive hippurate, cholegraffin are used.
7	8	246	4.668086	[renal hemosiderosis (blue kidney) in patients with valvular heart disease .]	radioisotopes in heart scanning mainly	radioisotopes in heart scanning.  mainly used in diagnosis of pericardial effusions.  also used to study tumors, heart enlargement, aneurysms and pericardial thickening.  technetium, rihsa, radioactive hippurate, cholegraffin are used.
7	9	239	4.5429068	[functional adaptations of the right ventricular outflow tract in congenital heart disease .]	radioisotopes in heart scanning mainly	radioisotopes in heart scanning.  mainly used in diagnosis of pericardial effusions.  also used to study tumors, heart enlargement, aneurysms and pericardial thickening.  technetium, rihsa, radioactive hippurate, cholegraffin are used.
7	10	121	4.2941184	[measurement of pericardial fluid correlated with the i -cholografin and ihsa heart scan .]	radioisotopes in heart scanning mainly	radioisotopes in heart scanning.  mainly used in diagnosis of pericardial effusions.  also used to study tumors, heart enlargement, aneurysms and pericardial thickening.  technetium, rihsa, radioactive hippurate, cholegraffin are used.
8	1	251	6.768453	[drugs and neonatal jaundice .]	the effects of drugs on	the effects of drugs on the bone marrow of man and animals, specifically the effect of pesticides.  also, the significance of bone marrow changes.
8	2	52	5.9827685	[blood and bone marrow damage caused by drugs .]	the effects of drugs on	the effects of drugs on the bone marrow of man and animals, specifically the effect of pesticides.  also, the significance of bone marrow changes.
8	3	577	5.8040853	[acromegaly the effects of various steroid hormones on the insulin-induced growth hormone response and peter h.]	the effects of drugs on	the effects of drugs on the bone marrow of man and animals, specifically the effect of pesticides.  also, the significance of bone marrow changes.
8	4	162	5.709047	[effects of ruminal insufflation on cerebral circulation and metabolism in the goat .]	the effects of drugs on	the effects of drugs on the bone marrow of man and animals, specifically the effect of pesticides.  also, the significance of bone marrow changes.
8	5	120	5.57083	[early effects of digitalis on central hemodynamics in normal subjects .]	the effects of drugs on	the effects of drugs on the bone marrow of man and animals, specifically the effect of pesticides.  also, the significance of bone marrow changes.
8	6	204	5.2601485	[psychological effects of circumcision .]	the effects of drugs on	the effects of drugs on the bone marrow of man and animals, specifically the effect of pesticides.  also, the significance of bone marrow changes.
8	7	156	5.0548058	[a comparison of the cytologic effects of leurosine methiodide and vinblastine in tissue culture .]	the effects of drugs on	the effects of drugs on the bone marrow of man and animals, specifically the effect of pesticides.  also, the significance of bone marrow changes.
8	8	118	4.9173236	[effects of aortic regurgitation on left ventricular performance direct determinations of aortic blood flow before and after valve replacement .]	the effects of drugs on	the effects of drugs on the bone marrow of man and animals, specifically the effect of pesticides.  also, the significance of bone marrow changes.
8	9	889	4.844362	[the impact of individual differences on language learning.]	the effects of drugs on	the effects of drugs on the bone marrow of man and animals, specifically the effect of pesticides.  also, the significance of bone marrow changes.
8	10	551	4.7447457	[effects of parathyroid hormone and other proteins in vitro on mitochondrial metabolism it is apparent that in addition to parathyroid hormone, several non-hormonal basic proteins stimulate mitochondrial respiration, ion transport, and atpase, but inhibit the 32pi-atp exchange reaction.]	the effects of drugs on	the effects of drugs on the bone marrow of man and animals, specifically the effect of pesticides.  also, the significance of bone marrow changes.
9	1	56	7.408798	[current status of hypothermia .]	the use of induced hypothermia	the use of induced hypothermia in heart surgery, neurosurgery, head injuries and infectious diseases.
9	2	125	7.0969462	[the effect of hypothermia on circulatory reflexes in the human .]	the use of induced hypothermia	the use of induced hypothermia in heart surgery, neurosurgery, head injuries and infectious diseases.
9	3	267	6.804158	[surgical treatment of atrial septal defect under hypothermia .]	the use of induced hypothermia	the use of induced hypothermia in heart surgery, neurosurgery, head injuries and infectious diseases.
9	4	268	6.804063	[internal cooling for general hypothermia .]	the use of induced hypothermia	the use of induced hypothermia in heart surgery, neurosurgery, head injuries and infectious diseases.
9	5	89	6.1057906	[reaction of the adrenal cortex during controlled experimental hypothermia .]	the use of induced hypothermia	the use of induced hypothermia in heart surgery, neurosurgery, head injuries and infectious diseases.
9	6	64	5.844969	[the meaning of ph at low temperatures during extra-corporeal circulation a review of the temperature gradients occurring during profound hypothermia is made in regard to acid base changes in general, and to ph readings in particular .]	the use of induced hypothermia	the use of induced hypothermia in heart surgery, neurosurgery, head injuries and infectious diseases.
9	7	273	5.794258	[hypothermia in management of acute renal failure .]	the use of induced hypothermia	the use of induced hypothermia in heart surgery, neurosurgery, head injuries and infectious diseases.
9	8	126	5.6733108	[studies in perfusion hypothermia with special reference to /deep hypothermia/ and circulatory arrest .]	the use of induced hypothermia	the use of induced hypothermia in heart surgery, neurosurgery, head injuries and infectious diseases.
9	9	53	5.589141	[hypothermia.]	the use of induced hypothermia	the use of induced hypothermia in heart surgery, neurosurgery, head injuries and infectious diseases.
9	10	269	5.168653	[late effects of regional renal hypothermia .]	the use of induced hypothermia	the use of induced hypothermia in heart surgery, neurosurgery, head injuries and infectious diseases.
10	1	52	4.1606507	[blood and bone marrow damage caused by drugs .]	neoplasm immunology	neoplasm immunology.
10	2	543	4.0985928	[266.]	neoplasm immunology	neoplasm immunology.
10	3	532	3.8631282	[2570.]	neoplasm immunology	neoplasm immunology.
10	4	702	3.6476576	[hydrocephalus due to unrecognized cerebellar astrocytoma treated by ventriculoatrial shunt for four years a case of a 9-year-old girl is presented in whom prolonged palliation of signs of increased intracranial pressure, presumed to be due to aqueductal obstruction, was achieved by means of a ventriculoatrial shunt.]	neoplasm immunology	neoplasm immunology.
10	5	716	3.2062724	[hydrocephalus any present day definition of hydrocephalus is very loose.]	neoplasm immunology	neoplasm immunology.
10	6	775	3.0177984	[management of advanced endometrial adenocarcinoma with medroxyprogesterone acetate a basis for progestin therapy for patients with advanced endometrial adenocarcinoma is presented.]	neoplasm immunology	neoplasm immunology.
10	7	214	2.7732668	[studies in sickle cell anemia xxi.]	neoplasm immunology	neoplasm immunology.
11	1	861	6.13689	[j.]	blood or urinary steroids in	blood or urinary steroids in human breast or prostatic neoplasms.
11	2	699	5.977675	[antidiuretic properties of chlorothiazide in diabetes insipidus dogs chlorothiazide was found to decrease urine volume and increase urine con- centration in diabetes insipidus dogs.]	blood or urinary steroids in	blood or urinary steroids in human breast or prostatic neoplasms.
11	3	446	5.4744787	[3752.]	blood or urinary steroids in	blood or urinary steroids in human breast or prostatic neoplasms.
11	4	1022	5.3218727	[protein-losing enteropathy complicating prolonged bleeding in hemophilia.]	blood or urinary steroids in	blood or urinary steroids in human breast or prostatic neoplasms.
11	5	460	5.1280813	[1835.]	blood or urinary steroids in	blood or urinary steroids in human breast or prostatic neoplasms.
11	6	32	5.1126003	[excretion patterns of urinary metabolites of estradiol-4-c14 in postmenopausal women with benign and malignant disease of the breast .]	blood or urinary steroids in	blood or urinary steroids in human breast or prostatic neoplasms.
11	7	697	5.0566654	[antidiuretic effect of hydrochlorothiazide in diabetes insipidus and ch'iuan-lu 12 cases of diabetes insipidus were studied during hydrochlorothia- zide therapy under a fixed diet.]	blood or urinary steroids in	blood or urinary steroids in human breast or prostatic neoplasms.
11	8	66	5.01186	[urinary steroid estimations in the prediction of response to adrenalectomy or hypophysectomy .]	blood or urinary steroids in	blood or urinary steroids in human breast or prostatic neoplasms.
11	9	226	4.98814	[/urinary 17-ketosteroid excretion study in radiation induced menopause in carcinoma breast.]	blood or urinary steroids in	blood or urinary steroids in human breast or prostatic neoplasms.
11	10	448	4.8603287	[2366.]	blood or urinary steroids in	blood or urinary steroids in human breast or prostatic neoplasms.
12	1	368	6.3465476	[198.]	effect of azathioprine on systemic	effect of azathioprine on systemic lupus erythematosus, particularly in regard to renal lesions.
12	2	19	6.042045	[systemic lupus erythematosus and renal transplantation.]	effect of azathioprine on systemic	effect of azathioprine on systemic lupus erythematosus, particularly in regard to renal lesions.
12	3	255	5.6279874	[effect of heterologous antiserum and complement on glycolysis of tumor cells .]	effect of azathioprine on systemic	effect of azathioprine on systemic lupus erythematosus, particularly in regard to renal lesions.
12	4	782	5.577472	[systemic chemotherapy for cns metastases of solid tumors of the 13 cases studied, remissions were ob- tained in eight.]	effect of azathioprine on systemic	effect of azathioprine on systemic lupus erythematosus, particularly in regard to renal lesions.
12	5	49	5.469599	[the effect of selenium on the upper respiratory passages .]	effect of azathioprine on systemic	effect of azathioprine on systemic lupus erythematosus, particularly in regard to renal lesions.
12	6	1031	5.378009	[epsilon-aminocaproic acid (e-aca) as a therapeutic agent based on 5 years clinical experience.]	effect of azathioprine on systemic	effect of azathioprine on systemic lupus erythematosus, particularly in regard to renal lesions.
12	7	63	5.1064487	[the effect of dehydroepiandrosterone on the dehydroxycorticosteroids in the plasms in various stages of breast cancer and mastopathy .]	effect of azathioprine on systemic	effect of azathioprine on systemic lupus erythematosus, particularly in regard to renal lesions.
12	8	179	5.0247245	[bacteriophages that lyse mycobacteria and corynebacteria, and show cytopathogenic effect on tissue cultures of renal cells of cercopithecus aethiops.]	effect of azathioprine on systemic	effect of azathioprine on systemic lupus erythematosus, particularly in regard to renal lesions.
12	9	597	5.0189633	[effect of testosterone propionate and growth hormone on growth and chemical composition of muscle and other tissues in hypophysectomized male rats the effect of testosterone propionate and growth hormone on the growth of muscle, bone, pelt, viscera and seminal vesicles was studied in hypophysectomized male rats.]	effect of azathioprine on systemic	effect of azathioprine on systemic lupus erythematosus, particularly in regard to renal lesions.
12	10	882	4.7852345	[effect of abdominal operation on glucose tolerance and serum levels of insulin, growth hormone, and hydrocortisone.]	effect of azathioprine on systemic	effect of azathioprine on systemic lupus erythematosus, particularly in regard to renal lesions.
13	1	196	16.688633	[characterization of bacillus subtilis bacteriophages .]	bacillus subtilis phages and genetics	bacillus subtilis phages and genetics, with particular reference to transduction.
13	2	197	13.862119	[transduction in bacillus subtilis .]	bacillus subtilis phages and genetics	bacillus subtilis phages and genetics, with particular reference to transduction.
13	3	147	10.568084	[autolysis of bacillus subtilis by glucose depletion .]	bacillus subtilis phages and genetics	bacillus subtilis phages and genetics, with particular reference to transduction.
13	4	144	10.295497	[on the mechanism of genetic recombination in transforming bacillus subtilis .]	bacillus subtilis phages and genetics	bacillus subtilis phages and genetics, with particular reference to transduction.
13	5	194	10.187702	[comparison of ultraviolet sensitivity of bacillus subtilis bacteriophage spo2 and its infectious dna .]	bacillus subtilis phages and genetics	bacillus subtilis phages and genetics, with particular reference to transduction.
13	6	199	9.766112	[infectivity of dna isolated from bacillus subtilis bacteriophage, sp82 .]	bacillus subtilis phages and genetics	bacillus subtilis phages and genetics, with particular reference to transduction.
13	7	198	9.251295	[the carrier state of bacillus subtilis infected with the transducing bacteriophage sp10 .]	bacillus subtilis phages and genetics	bacillus subtilis phages and genetics, with particular reference to transduction.
13	8	195	9.1381645	[the isolation and morphology of some new bacteriophages specific for bacillus and acetobacter species .]	bacillus subtilis phages and genetics	bacillus subtilis phages and genetics, with particular reference to transduction.
13	9	146	8.039428	[comparison of mutation and inactivation rates induced in bacteriophage and transforming dna by various mutagens .]	bacillus subtilis phages and genetics	bacillus subtilis phages and genetics, with particular reference to transduction.
13	10	145	5.877757	[physical and biological studies on transforming dna .]	bacillus subtilis phages and genetics	bacillus subtilis phages and genetics, with particular reference to transduction.
14	1	23	13.399395	[renal amyloidosis a clinicopathological study .]	renal amyloidosis as a complication	renal amyloidosis as a complication of tuberculosis and the effects of steroids on this condition.  only the terms kidney diseases and nephrotic syndrome were selected by the requester.  prednisone and prednisolone are the only steroids of interest.
14	2	26	12.595491	[renal amyloidosis.]	renal amyloidosis as a complication	renal amyloidosis as a complication of tuberculosis and the effects of steroids on this condition.  only the terms kidney diseases and nephrotic syndrome were selected by the requester.  prednisone and prednisolone are the only steroids of interest.
14	3	455	6.5712104	[766.]	renal amyloidosis as a complication	renal amyloidosis as a complication of tuberculosis and the effects of steroids on this condition.  only the terms kidney diseases and nephrotic syndrome were selected by the requester.  prednisone and prednisolone are the only steroids of interest.
14	4	24	5.5457516	[idiopathic autoimmune hemolytic anemia and idiopathic thrombocytopenic purpura associated with diffuse hypergammaglobulinemia, amyloidosis, hypoalbuminemia and plasmacytosis .]	renal amyloidosis as a complication	renal amyloidosis as a complication of tuberculosis and the effects of steroids on this condition.  only the terms kidney diseases and nephrotic syndrome were selected by the requester.  prednisone and prednisolone are the only steroids of interest.
14	5	25	5.4175806	[corticosteroid therapy of amyloid nephrotic syndrome .]	renal amyloidosis as a complication	renal amyloidosis as a complication of tuberculosis and the effects of steroids on this condition.  only the terms kidney diseases and nephrotic syndrome were selected by the requester.  prednisone and prednisolone are the only steroids of interest.
14	6	461	5.3306293	[1837.]	renal amyloidosis as a complication	renal amyloidosis as a complication of tuberculosis and the effects of steroids on this condition.  only the terms kidney diseases and nephrotic syndrome were selected by the requester.  prednisone and prednisolone are the only steroids of interest.
14	7	466	5.066613	[3535.]	renal amyloidosis as a complication	renal amyloidosis as a complication of tuberculosis and the effects of steroids on this condition.  only the terms kidney diseases and nephrotic syndrome were selected by the requester.  prednisone and prednisolone are the only steroids of interest.
14	8	269	4.982391	[late effects of regional renal hypothermia .]	renal amyloidosis as a complication	renal amyloidosis as a complication of tuberculosis and the effects of steroids on this condition.  only the terms kidney diseases and nephrotic syndrome were selected by the requester.  prednisone and prednisolone are the only steroids of interest.
14	9	19	4.8000493	[systemic lupus erythematosus and renal transplantation.]	renal amyloidosis as a complication	renal amyloidosis as a complication of tuberculosis and the effects of steroids on this condition.  only the terms kidney diseases and nephrotic syndrome were selected by the requester.  prednisone and prednisolone are the only steroids of interest.
14	10	674	4.682944	[experimentelle nierenvergroberung nach unilateraler nephrektomie bei ratten untersuchungen mit 3h-thymidin in this paper it is attempted to clarify certain questions as to the mechanism of compensatory renal hypertrophy by means of histological, cytological, and autoradiographical examinations in nephrectomy experiments on young and grown rats.]	renal amyloidosis as a complication	renal amyloidosis as a complication of tuberculosis and the effects of steroids on this condition.  only the terms kidney diseases and nephrotic syndrome were selected by the requester.  prednisone and prednisolone are the only steroids of interest.
15	1	219	12.881754	[alterations of visual evoked response in the presence of homonymous visual defects .]	homonymous hemianopsia in visual aphasia	homonymous hemianopsia in visual aphasia, particularly measurement and assessment.  gerstmann's syndrome and agnosia are also of interest.
15	2	103	11.317266	[physiologic bitemporal hemianopsia in pregnancy .]	homonymous hemianopsia in visual aphasia	homonymous hemianopsia in visual aphasia, particularly measurement and assessment.  gerstmann's syndrome and agnosia are also of interest.
15	3	361	10.500618	[375.]	homonymous hemianopsia in visual aphasia	homonymous hemianopsia in visual aphasia, particularly measurement and assessment.  gerstmann's syndrome and agnosia are also of interest.
15	4	893	8.01404	[acquired aphasia in children.]	homonymous hemianopsia in visual aphasia	homonymous hemianopsia in visual aphasia, particularly measurement and assessment.  gerstmann's syndrome and agnosia are also of interest.
15	5	885	6.8095355	[an unusual form of acquired aphasia in children.]	homonymous hemianopsia in visual aphasia	homonymous hemianopsia in visual aphasia, particularly measurement and assessment.  gerstmann's syndrome and agnosia are also of interest.
15	6	110	6.3901978	[visual neglect .]	homonymous hemianopsia in visual aphasia	homonymous hemianopsia in visual aphasia, particularly measurement and assessment.  gerstmann's syndrome and agnosia are also of interest.
15	7	928	6.38326	[visual versus tactual receptor preference in normal and schizophrenic children.]	homonymous hemianopsia in visual aphasia	homonymous hemianopsia in visual aphasia, particularly measurement and assessment.  gerstmann's syndrome and agnosia are also of interest.
15	8	220	6.3707466	[cerebro-vascular lesions and livedo reticularis .]	homonymous hemianopsia in visual aphasia	homonymous hemianopsia in visual aphasia, particularly measurement and assessment.  gerstmann's syndrome and agnosia are also of interest.
15	9	350	6.274862	[1288.]	homonymous hemianopsia in visual aphasia	homonymous hemianopsia in visual aphasia, particularly measurement and assessment.  gerstmann's syndrome and agnosia are also of interest.
15	10	356	5.994672	[2496.]	homonymous hemianopsia in visual aphasia	homonymous hemianopsia in visual aphasia, particularly measurement and assessment.  gerstmann's syndrome and agnosia are also of interest.
16	1	202	15.862614	[stranger and separation anxiety in infancy .]	separation anxiety in infancy i	separation anxiety in infancy (i.e. up to two years of age) and in preschool children, particularly separation of a child from its mother.
16	2	36	12.693811	[separation anxiety as a cause of early emotional problems in children .]	separation anxiety in infancy i	separation anxiety in infancy (i.e. up to two years of age) and in preschool children, particularly separation of a child from its mother.
16	3	205	8.339441	[changes in children's behavior after hospitalization some dimensions of response and their correlates .]	separation anxiety in infancy i	separation anxiety in infancy (i.e. up to two years of age) and in preschool children, particularly separation of a child from its mother.
16	4	99	7.2978907	[maternal separation in the rhesus monkey .]	separation anxiety in infancy i	separation anxiety in infancy (i.e. up to two years of age) and in preschool children, particularly separation of a child from its mother.
16	5	35	6.870931	[the development of social attachments in infancy .]	separation anxiety in infancy i	separation anxiety in infancy (i.e. up to two years of age) and in preschool children, particularly separation of a child from its mother.
16	6	253	6.8427973	[radical operation for ventricular septal defect in infancy .]	separation anxiety in infancy i	separation anxiety in infancy (i.e. up to two years of age) and in preschool children, particularly separation of a child from its mother.
16	7	496	6.387109	[1808.]	separation anxiety in infancy i	separation anxiety in infancy (i.e. up to two years of age) and in preschool children, particularly separation of a child from its mother.
16	8	484	6.0104833	[5574.]	separation anxiety in infancy i	separation anxiety in infancy (i.e. up to two years of age) and in preschool children, particularly separation of a child from its mother.
16	9	486	5.8019595	[265.]	separation anxiety in infancy i	separation anxiety in infancy (i.e. up to two years of age) and in preschool children, particularly separation of a child from its mother.
16	10	1008	5.494104	[clinical study and histological study of the liver in hepatitis in infants.]	separation anxiety in infancy i	separation anxiety in infancy (i.e. up to two years of age) and in preschool children, particularly separation of a child from its mother.
17	1	128	7.662024	[nickel carbonyl.]	nickel in nutrition requirements for	nickel in nutrition:  requirements for methods for analysis; relation with enzyme systems; toxicity of, in humans and laboratory animals; deficiency signs and symptoms; level in various foodstuffs; level in blood and tissues.
17	2	38	6.72659	[studies of nickel carcinogenesis fractionations of nickel in ultracentrifugal supernatants of lung and liver by means of dextran gel chromatography .]	nickel in nutrition requirements for	nickel in nutrition:  requirements for methods for analysis; relation with enzyme systems; toxicity of, in humans and laboratory animals; deficiency signs and symptoms; level in various foodstuffs; level in blood and tissues.
17	3	41	6.683432	[measurements of nickel in biological materials by atomic absorption spectrometry .]	nickel in nutrition requirements for	nickel in nutrition:  requirements for methods for analysis; relation with enzyme systems; toxicity of, in humans and laboratory animals; deficiency signs and symptoms; level in various foodstuffs; level in blood and tissues.
17	4	133	6.531363	[chromium, lead, cadmium, nickel and titanium in mice.]	nickel in nutrition requirements for	nickel in nutrition:  requirements for methods for analysis; relation with enzyme systems; toxicity of, in humans and laboratory animals; deficiency signs and symptoms; level in various foodstuffs; level in blood and tissues.
17	5	131	6.040192	[a kinetic study of nickel(ii), complexes of sulfur-containing amino acid the rate expression for the ethylenediaminetetraacetic acid (edta) ligand exchange reaction with nickel(cysteine) is.]	nickel in nutrition requirements for	nickel in nutrition:  requirements for methods for analysis; relation with enzyme systems; toxicity of, in humans and laboratory animals; deficiency signs and symptoms; level in various foodstuffs; level in blood and tissues.
17	6	37	5.911325	[the production of malignant tumours by nickel in the rat .]	nickel in nutrition requirements for	nickel in nutrition:  requirements for methods for analysis; relation with enzyme systems; toxicity of, in humans and laboratory animals; deficiency signs and symptoms; level in various foodstuffs; level in blood and tissues.
17	7	341	4.142818	[4010.]	nickel in nutrition requirements for	nickel in nutrition:  requirements for methods for analysis; relation with enzyme systems; toxicity of, in humans and laboratory animals; deficiency signs and symptoms; level in various foodstuffs; level in blood and tissues.
17	8	342	4.0852327	[188.]	nickel in nutrition requirements for	nickel in nutrition:  requirements for methods for analysis; relation with enzyme systems; toxicity of, in humans and laboratory animals; deficiency signs and symptoms; level in various foodstuffs; level in blood and tissues.
17	9	129	3.8426988	[polarographic determination of heavy metals in air samples .]	nickel in nutrition requirements for	nickel in nutrition:  requirements for methods for analysis; relation with enzyme systems; toxicity of, in humans and laboratory animals; deficiency signs and symptoms; level in various foodstuffs; level in blood and tissues.
17	10	339	3.8159215	[670.]	nickel in nutrition requirements for	nickel in nutrition:  requirements for methods for analysis; relation with enzyme systems; toxicity of, in humans and laboratory animals; deficiency signs and symptoms; level in various foodstuffs; level in blood and tissues.
18	1	48	9.480021	[toxicity of sulfur-35, selenium, and tellurium to avian embryos .]	the toxicity of organic selenium	the toxicity of organic selenium compounds.
18	2	528	9.133156	[2127.]	the toxicity of organic selenium	the toxicity of organic selenium compounds.
18	3	134	8.253306	[synergistic effects between antioxidants and selenium or vitamin e .]	the toxicity of organic selenium	the toxicity of organic selenium compounds.
18	4	49	7.3175154	[the effect of selenium on the upper respiratory passages .]	the toxicity of organic selenium	the toxicity of organic selenium compounds.
18	5	45	6.886409	[selenium as a trace element .]	the toxicity of organic selenium	the toxicity of organic selenium compounds.
18	6	51	6.640274	[selenium-caused tumours .]	the toxicity of organic selenium	the toxicity of organic selenium compounds.
18	7	527	6.3002367	[843.]	the toxicity of organic selenium	the toxicity of organic selenium compounds.
18	8	46	6.29322	[toxicity of inorganic selenium salts to chick embryos .]	the toxicity of organic selenium	the toxicity of organic selenium compounds.
18	9	526	6.107826	[1172.]	the toxicity of organic selenium	the toxicity of organic selenium compounds.
18	10	924	3.9331057	[the etiology of autistic syndromes of children.]	the toxicity of organic selenium	the toxicity of organic selenium compounds.
19	1	554	8.407351	[distribution and excretion of radioactivity after parenteral administration of radioactive polydiethylstilbestrol phosphate to rats and a cow.]	excretion of phosphate or pyrophosphate	excretion of phosphate or pyrophosphate in the urine or the effect of parathyroid hormone on kidney.
19	2	555	7.412468	[study of phosphate excretion by the stop-flow technique m.]	excretion of phosphate or pyrophosphate	excretion of phosphate or pyrophosphate in the urine or the effect of parathyroid hormone on kidney.
19	3	847	6.0181484	[localization of phosphaturic effect of parathyroid hormone in nephron of the dog the renal mechanism and tubular site of the phosphaturic action of parathyroid hormone were investigated by clearance and stop-flow techniques in one intact and seven thyroparathyroidectomized dogs.]	excretion of phosphate or pyrophosphate	excretion of phosphate or pyrophosphate in the urine or the effect of parathyroid hormone on kidney.
19	4	563	5.7728624	[effects of alkalosis on plasma concentration and urinary excretion of inorganic phosphate in man acute respiratory and metabolic alkalosis have been shown to depress plasma phosphorus con- centration in normal man.]	excretion of phosphate or pyrophosphate	excretion of phosphate or pyrophosphate in the urine or the effect of parathyroid hormone on kidney.
19	5	29	5.5705113	[selectivity of protein excretion in patients with the nephrotic syndrome.]	excretion of phosphate or pyrophosphate	excretion of phosphate or pyrophosphate in the urine or the effect of parathyroid hormone on kidney.
19	6	864	5.472246	[sudden hypocalcemia in normal and hypoparathyroid subjects.]	excretion of phosphate or pyrophosphate	excretion of phosphate or pyrophosphate in the urine or the effect of parathyroid hormone on kidney.
19	7	694	5.3831925	[the role of aldosterone and vasopressin in the postural changes in renal excretion in normal subjects and patients with idiopathic edema the effects of the upright posture (leisurely walking for 2 hours) on half- hourly urine volume, and excretion of sodium and creatinine were studied in 13 normal subjects and 13 patients with idiopathic edema, while they drank 150 or 300 ml.]	excretion of phosphate or pyrophosphate	excretion of phosphate or pyrophosphate in the urine or the effect of parathyroid hormone on kidney.
19	8	32	5.2457995	[excretion patterns of urinary metabolites of estradiol-4-c14 in postmenopausal women with benign and malignant disease of the breast .]	excretion of phosphate or pyrophosphate	excretion of phosphate or pyrophosphate in the urine or the effect of parathyroid hormone on kidney.
19	9	861	5.0575414	[j.]	excretion of phosphate or pyrophosphate	excretion of phosphate or pyrophosphate in the urine or the effect of parathyroid hormone on kidney.
19	10	182	4.8059535	[glucose 6-phosphate dehydrogenase and 6-phosphogluconate dehydrogenase in lens and blood of different species .]	excretion of phosphate or pyrophosphate	excretion of phosphate or pyrophosphate in the urine or the effect of parathyroid hormone on kidney.
20	1	52	6.2425065	[blood and bone marrow damage caused by drugs .]	somatotropin as it effects bone	somatotropin as it effects bone, bone development, regeneration, resorption, bone cells, osteogenesis, physiologic calcification or ossification, cartilage and bone diseases in general.  somatotropin as it relates to hypophysectomy, pituitary function, diseases, dwarfism, neoplasms, hypopituitarism and hyperpituitarism, and growth in general.
20	2	592	6.164059	[influence of hormones on tumor growth and plasma prolactin levels in rats bearing a pituitary "mammotropic" tumor the effects of estradiol, cortisol acetate, thyroxine, or thiouracil on tumor growth, organ weights, and plasma prolactin levels were determined in rats bearing a furth pituitary "mammotropic" tumor (mtt.]	somatotropin as it effects bone	somatotropin as it effects bone, bone development, regeneration, resorption, bone cells, osteogenesis, physiologic calcification or ossification, cartilage and bone diseases in general.  somatotropin as it relates to hypophysectomy, pituitary function, diseases, dwarfism, neoplasms, hypopituitarism and hyperpituitarism, and growth in general.
20	3	860	5.8044252	[inhibition by actinomycin d of bone resorption induced by parathyroid hormone or vitamin a.]	somatotropin as it effects bone	somatotropin as it effects bone, bone development, regeneration, resorption, bone cells, osteogenesis, physiologic calcification or ossification, cartilage and bone diseases in general.  somatotropin as it relates to hypophysectomy, pituitary function, diseases, dwarfism, neoplasms, hypopituitarism and hyperpituitarism, and growth in general.
20	4	204	5.6302047	[psychological effects of circumcision .]	somatotropin as it effects bone	somatotropin as it effects bone, bone development, regeneration, resorption, bone cells, osteogenesis, physiologic calcification or ossification, cartilage and bone diseases in general.  somatotropin as it relates to hypophysectomy, pituitary function, diseases, dwarfism, neoplasms, hypopituitarism and hyperpituitarism, and growth in general.
20	5	551	5.3384337	[effects of parathyroid hormone and other proteins in vitro on mitochondrial metabolism it is apparent that in addition to parathyroid hormone, several non-hormonal basic proteins stimulate mitochondrial respiration, ion transport, and atpase, but inhibit the 32pi-atp exchange reaction.]	somatotropin as it effects bone	somatotropin as it effects bone, bone development, regeneration, resorption, bone cells, osteogenesis, physiologic calcification or ossification, cartilage and bone diseases in general.  somatotropin as it relates to hypophysectomy, pituitary function, diseases, dwarfism, neoplasms, hypopituitarism and hyperpituitarism, and growth in general.
20	6	60	4.9003687	[comparative bone marrow study using two aspiration needles and two biopsy sites .]	somatotropin as it effects bone	somatotropin as it effects bone, bone development, regeneration, resorption, bone cells, osteogenesis, physiologic calcification or ossification, cartilage and bone diseases in general.  somatotropin as it relates to hypophysectomy, pituitary function, diseases, dwarfism, neoplasms, hypopituitarism and hyperpituitarism, and growth in general.
20	7	857	4.8729835	[effect of heparin and parathyroid extract an acid phosphatase in bone.]	somatotropin as it effects bone	somatotropin as it effects bone, bone development, regeneration, resorption, bone cells, osteogenesis, physiologic calcification or ossification, cartilage and bone diseases in general.  somatotropin as it relates to hypophysectomy, pituitary function, diseases, dwarfism, neoplasms, hypopituitarism and hyperpituitarism, and growth in general.
20	8	711	4.508962	[functional craniology: an aid in interpreting roentgenograms of the skull analysis of the form of the skull is facilitated by considering it to be composed of a number of functional components.]	somatotropin as it effects bone	somatotropin as it effects bone, bone development, regeneration, resorption, bone cells, osteogenesis, physiologic calcification or ossification, cartilage and bone diseases in general.  somatotropin as it relates to hypophysectomy, pituitary function, diseases, dwarfism, neoplasms, hypopituitarism and hyperpituitarism, and growth in general.
20	9	269	4.442113	[late effects of regional renal hypothermia .]	somatotropin as it effects bone	somatotropin as it effects bone, bone development, regeneration, resorption, bone cells, osteogenesis, physiologic calcification or ossification, cartilage and bone diseases in general.  somatotropin as it relates to hypophysectomy, pituitary function, diseases, dwarfism, neoplasms, hypopituitarism and hyperpituitarism, and growth in general.
20	10	700	4.429741	[stable strontium in human bone: geographical and age differences in the united kingdom and their correlation with levels of strontium-90 a re-assessment has been made of published data of other workers on sr and 90sr in human bone.]	somatotropin as it effects bone	somatotropin as it effects bone, bone development, regeneration, resorption, bone cells, osteogenesis, physiologic calcification or ossification, cartilage and bone diseases in general.  somatotropin as it relates to hypophysectomy, pituitary function, diseases, dwarfism, neoplasms, hypopituitarism and hyperpituitarism, and growth in general.
21	1	896	10.668652	[concept development and language instruction.]	language development in infancy and	language development in infancy and pre-school age.
21	2	35	8.637287	[the development of social attachments in infancy .]	language development in infancy and	language development in infancy and pre-school age.
21	3	887	8.112575	[speech as a landmark in development.]	language development in infancy and	language development in infancy and pre-school age.
21	4	810	7.047972	[an analysis of the language of fourteen schizophrenic children fourteen schizophrenic (autistic) children were studied by means of detailed behavioural histories and observations.]	language development in infancy and	language development in infancy and pre-school age.
21	5	253	6.896062	[radical operation for ventricular septal defect in infancy .]	language development in infancy and	language development in infancy and pre-school age.
21	6	604	6.32416	[on language disorders in young children: a reorganization of thinking current questions and confusions about the use of the term aphasia with reference to young children seem often to reflect semantic problems accruing from professional habits of thinking in terms of etiologic and pathologic labels.]	language development in infancy and	language development in infancy and pre-school age.
21	7	613	6.2967362	[the acquisition of formal features of language children from different groups do not learn the same uses and functions for language.]	language development in infancy and	language development in infancy and pre-school age.
21	8	821	6.226481	[the speech and language abilities of emotionally disturbed children the speech and language disorders of these severely disturbed children can be divided into two categories which relate to the type of psychiatric disturbance.]	language development in infancy and	language development in infancy and pre-school age.
21	9	815	6.0807614	[language training in the treatment of the autistic child functioning on a retarded level a preliminary study to determine the effect of language and speech therapy on the development of communication and the lessening of un- relatedness in a group of non-verbal, autistic children functioning on a retarded level is reported.]	language development in infancy and	language development in infancy and pre-school age.
21	10	890	5.6237426	[the oral language performance of premature children and controls.]	language development in infancy and	language development in infancy and pre-school age.
22	1	636	8.007069	[infectie door mycoplasma hominis bij een pasgeborene mycoplasma hominis infection in a newborn child.]	mycoplasma infection or presence in	mycoplasma (infection or presence) in embryo, fetus, newborn infant or animal, or in pregnancy, gynecologic diseases, or as related to chromosomes or chromosome abnormalities.
22	2	910	7.986262	[effect of mycoplasma on interferon production and interferon assay in cell cultures.]	mycoplasma infection or presence in	mycoplasma (infection or presence) in embryo, fetus, newborn infant or animal, or in pregnancy, gynecologic diseases, or as related to chromosomes or chromosome abnormalities.
22	3	649	7.068986	[evaluation of tylosin in preventing egg transmission of mycoplasma gallisepticum in chickens the inoculation of mycoplasma gallisepticum infective yolk into the left posterior thoracic air sac of laying chickens resulted in an infection which produced a rate of egg infection satisfactory for experimental purposes.]	mycoplasma infection or presence in	mycoplasma (infection or presence) in embryo, fetus, newborn infant or animal, or in pregnancy, gynecologic diseases, or as related to chromosomes or chromosome abnormalities.
22	4	634	7.004124	[establishment of a turkey flock free of 'n' strain mycoplasma mycoplasma of the 'n' strain are frequently isolated from turkey poults affected with airsacculitis but free of mycoplasma gallisepticum.]	mycoplasma infection or presence in	mycoplasma (infection or presence) in embryo, fetus, newborn infant or animal, or in pregnancy, gynecologic diseases, or as related to chromosomes or chromosome abnormalities.
22	5	635	6.8480115	[septicemia due to mycoplasma hominis type 1 viola m.]	mycoplasma infection or presence in	mycoplasma (infection or presence) in embryo, fetus, newborn infant or animal, or in pregnancy, gynecologic diseases, or as related to chromosomes or chromosome abnormalities.
22	6	646	6.589433	[studies on mycoplasma pneumoniae infection in sweden sera from 107 cases of pneumonia and 132 cases of milder respiratory infection were examined by the cf test against m.]	mycoplasma infection or presence in	mycoplasma (infection or presence) in embryo, fetus, newborn infant or animal, or in pregnancy, gynecologic diseases, or as related to chromosomes or chromosome abnormalities.
22	7	908	6.55282	[isolation of mycoplasma pneumoniae from adults with respiratory infections.]	mycoplasma infection or presence in	mycoplasma (infection or presence) in embryo, fetus, newborn infant or animal, or in pregnancy, gynecologic diseases, or as related to chromosomes or chromosome abnormalities.
22	8	913	6.223313	[electron microscopic studies of mycoplasma (pplo strain 880) in artificial medium and in tissue culture.]	mycoplasma infection or presence in	mycoplasma (infection or presence) in embryo, fetus, newborn infant or animal, or in pregnancy, gynecologic diseases, or as related to chromosomes or chromosome abnormalities.
22	9	902	5.913357	[growth and survival of mycoplasma neurolyticum in liquid media.]	mycoplasma infection or presence in	mycoplasma (infection or presence) in embryo, fetus, newborn infant or animal, or in pregnancy, gynecologic diseases, or as related to chromosomes or chromosome abnormalities.
22	10	642	5.555904	[suppression of rous sarcoma virus growth in tissue cultures by mycoplasma orale an agent which produced cell destruction in human diploid and chick-embryo fibroblasts was isolated from wi-26 strain of human diploid fibroblasts and shown to be a mycoplasma.]	mycoplasma infection or presence in	mycoplasma (infection or presence) in embryo, fetus, newborn infant or animal, or in pregnancy, gynecologic diseases, or as related to chromosomes or chromosome abnormalities.
23	1	917	10.979072	[the problems of infantile autism and psychiatric nosology.]	infantile autism	infantile autism.
23	2	804	10.307116	[twins discordant for early infantile autism a pair of heterozygous twins discordant for early infantile autism is reported and the relevant literature reviewed.]	infantile autism	infantile autism.
23	3	849	9.698663	[early infantile autism and receptor processes the syndrome of early infantile autism is examined as a function of deviation in near-distance receptor usage.]	infantile autism	infantile autism.
23	4	798	8.774536	[incidence of symptoms of early infantile autism in subsequently hospitalized psychiatric patients this study was concerned with the relationship between the occurrence dur- ing the first two years of life of symptoms of early infantile autism, as retrospective- ly reported by the mothers of s's and subsequent adjustment.]	infantile autism	infantile autism.
23	5	916	8.188998	[comments on a case of infantile psychosis.]	infantile autism	infantile autism.
23	6	620	6.860279	[cognitive functioning in early infantile autism: an examination of four cases by means of the wechsler intelligence scale for children the results are communicated which were obtained from an examination, by means of the wechsler intelligence scale for children, of four cases of early infantile autism.]	infantile autism	infantile autism.
23	7	817	6.463214	[infantile autism and the schizophrenias in a paper published in 1943, entitled "au- tistic disturbances of affective con- tact," i reported from the children's psychi- atric service of the johns hopkins hospital observations of 11 children (8 boys and 3 girls) who had in common a pattern of be- havior not previously considered in its striking uniqueness.]	infantile autism	infantile autism.
23	8	812	5.0926743	[the autistic child in the school and the school-nurse teacher responsibility autistic children demonstrate a more persistent pattern of retreating from reality than is apparent in those children categorized as normal.]	infantile autism	infantile autism.
23	9	920	4.848302	[psychotic reactions of childhood: experiences of a mental retardation pilot project.]	infantile autism	infantile autism.
23	10	797	4.779087	[toilet training of an autistic eight-year-old through conditioning therapy: a case report operant conditioning techniques have been successfully used in the treatment of a wide variety of be- havioral problems including hysterical blindness (brady and lind, 1961), tics (barrett, 1962), psychotic symptoms (lindsley, 1956; 1960, 1961), reading disabilities (rachman, 1962) stuttering (flanagan et.]	infantile autism	infantile autism.
24	1	850	15.974688	[studies on compensatory renal hypertrophy.]	compensatory renal hypertrophy stimulus resulting	compensatory renal hypertrophy - - stimulus resulting in mass increase (hypertrophy) and cell proliferation (hyperplasia) in the remaining kidney following unilateral nephrectomy in mammals.
24	2	939	13.952627	[thyroid and pituitary gland activity during compensatory renal hypertrophy.]	compensatory renal hypertrophy stimulus resulting	compensatory renal hypertrophy - - stimulus resulting in mass increase (hypertrophy) and cell proliferation (hyperplasia) in the remaining kidney following unilateral nephrectomy in mammals.
24	3	940	13.910591	[the influence of thyroid hormone on renal function during the course of compensatory hypertrophy.]	compensatory renal hypertrophy stimulus resulting	compensatory renal hypertrophy - - stimulus resulting in mass increase (hypertrophy) and cell proliferation (hyperplasia) in the remaining kidney following unilateral nephrectomy in mammals.
24	4	938	12.118495	[the effect of nortestosterone phenylpropionate on compensatory hypertrophy of the remaining kidney after unilateral nephrectomy.]	compensatory renal hypertrophy stimulus resulting	compensatory renal hypertrophy - - stimulus resulting in mass increase (hypertrophy) and cell proliferation (hyperplasia) in the remaining kidney following unilateral nephrectomy in mammals.
24	5	932	11.8878	[effects of hypophysectomy and growth hormone on renal compensatory hypertrophy in rats.]	compensatory renal hypertrophy stimulus resulting	compensatory renal hypertrophy - - stimulus resulting in mass increase (hypertrophy) and cell proliferation (hyperplasia) in the remaining kidney following unilateral nephrectomy in mammals.
24	6	674	11.348902	[experimentelle nierenvergroberung nach unilateraler nephrektomie bei ratten untersuchungen mit 3h-thymidin in this paper it is attempted to clarify certain questions as to the mechanism of compensatory renal hypertrophy by means of histological, cytological, and autoradiographical examinations in nephrectomy experiments on young and grown rats.]	compensatory renal hypertrophy stimulus resulting	compensatory renal hypertrophy - - stimulus resulting in mass increase (hypertrophy) and cell proliferation (hyperplasia) in the remaining kidney following unilateral nephrectomy in mammals.
24	7	936	10.622036	[compensatory structural and functional changes in the kidney.]	compensatory renal hypertrophy stimulus resulting	compensatory renal hypertrophy - - stimulus resulting in mass increase (hypertrophy) and cell proliferation (hyperplasia) in the remaining kidney following unilateral nephrectomy in mammals.
24	8	675	10.121641	[abscopal effects of whole-body x-irradiation on compensatory hypertrophy of the rat kidney.]	compensatory renal hypertrophy stimulus resulting	compensatory renal hypertrophy - - stimulus resulting in mass increase (hypertrophy) and cell proliferation (hyperplasia) in the remaining kidney following unilateral nephrectomy in mammals.
24	9	667	8.327356	[compensatory renal enlargement hypertrophy versus hyperplasia after unilateral nephrectomy in the mouse, the compensatory growth of the remaining kidney is characterized by an increase in rna and protein synthesis within the first hour.]	compensatory renal hypertrophy stimulus resulting	compensatory renal hypertrophy - - stimulus resulting in mass increase (hypertrophy) and cell proliferation (hyperplasia) in the remaining kidney following unilateral nephrectomy in mammals.
24	10	678	7.8041344	[the role of age and x-irradiation on kidney function in the mouse female mouse kidneys show a decline with respect to age in the ability to concentrate the urine during a 24-hour water fast.]	compensatory renal hypertrophy stimulus resulting	compensatory renal hypertrophy - - stimulus resulting in mass increase (hypertrophy) and cell proliferation (hyperplasia) in the remaining kidney following unilateral nephrectomy in mammals.
25	1	699	8.321677	[antidiuretic properties of chlorothiazide in diabetes insipidus dogs chlorothiazide was found to decrease urine volume and increase urine con- centration in diabetes insipidus dogs.]	use of chlorothiazide diuril or	use of chlorothiazide (diuril) or hydrochlorothiazide (hydrodiuril) in the treatment of nephogenic diabetes insipidus in children; also, use of low sodium diets and aldactone (spironolactone) in the treatment of childhood nephogenic diabetes insipidus.
25	2	691	6.012036	[nephrogenic diabetes insipidus chlorothiazide has been found of value in establishing and maintaining adequate hydra- tion in some patients; its exact mechanism of action is not known.]	use of chlorothiazide diuril or	use of chlorothiazide (diuril) or hydrochlorothiazide (hydrodiuril) in the treatment of nephogenic diabetes insipidus in children; also, use of low sodium diets and aldactone (spironolactone) in the treatment of childhood nephogenic diabetes insipidus.
25	3	687	5.3971972	[the antidiuretic mechanism of hydrochlorothia- zide in the treatment of diabetes insipidus the changes in water and electro- lyte balance during hydrochlorothiazide therapy in 2 patients with vasopressin- deficient diabetes insipidus were studi- ed.]	use of chlorothiazide diuril or	use of chlorothiazide (diuril) or hydrochlorothiazide (hydrodiuril) in the treatment of nephogenic diabetes insipidus in children; also, use of low sodium diets and aldactone (spironolactone) in the treatment of childhood nephogenic diabetes insipidus.
25	4	66	4.3149858	[urinary steroid estimations in the prediction of response to adrenalectomy or hypophysectomy .]	use of chlorothiazide diuril or	use of chlorothiazide (diuril) or hydrochlorothiazide (hydrodiuril) in the treatment of nephogenic diabetes insipidus in children; also, use of low sodium diets and aldactone (spironolactone) in the treatment of childhood nephogenic diabetes insipidus.
25	5	604	4.1062403	[on language disorders in young children: a reorganization of thinking current questions and confusions about the use of the term aphasia with reference to young children seem often to reflect semantic problems accruing from professional habits of thinking in terms of etiologic and pathologic labels.]	use of chlorothiazide diuril or	use of chlorothiazide (diuril) or hydrochlorothiazide (hydrodiuril) in the treatment of nephogenic diabetes insipidus in children; also, use of low sodium diets and aldactone (spironolactone) in the treatment of childhood nephogenic diabetes insipidus.
25	6	695	4.075388	[the use and mode of action of ethacrynic acid in nephrogenic diabetes insipidus the use of diuretic agents in the treatment of nephrogenic diabetes insipidus had been re- ported to result in decreased urine volume and decreased clearance of free water.]	use of chlorothiazide diuril or	use of chlorothiazide (diuril) or hydrochlorothiazide (hydrodiuril) in the treatment of nephogenic diabetes insipidus in children; also, use of low sodium diets and aldactone (spironolactone) in the treatment of childhood nephogenic diabetes insipidus.
25	7	550	4.0486026	[control of idiopathic hypercalciuria the paper discusses the causes of hypercalciuria and describes 15 cases of different origins all of which presented similarly with renal stones.]	use of chlorothiazide diuril or	use of chlorothiazide (diuril) or hydrochlorothiazide (hydrodiuril) in the treatment of nephogenic diabetes insipidus in children; also, use of low sodium diets and aldactone (spironolactone) in the treatment of childhood nephogenic diabetes insipidus.
25	8	624	3.7752302	[interpretation within the metaphor analytic investigation of the use of the metaphor was first given impetus by ella freeman sharpe (1950), who explored the symbolic meaning of particular metaphoric phrases with reference to the body and libidinal needs.]	use of chlorothiazide diuril or	use of chlorothiazide (diuril) or hydrochlorothiazide (hydrodiuril) in the treatment of nephogenic diabetes insipidus in children; also, use of low sodium diets and aldactone (spironolactone) in the treatment of childhood nephogenic diabetes insipidus.
25	9	788	3.2553744	[esophageal obstruction the use of an endoscopically inserted tube in the care of esophageal carcinoma our experience suggests that the en- doscopic insertion of intraluminal tubes provides a relatively simple and reason- ably safe method of dealing with some of the problems which arise in the man- agement of patients with esophageal car- cinoma.]	use of chlorothiazide diuril or	use of chlorothiazide (diuril) or hydrochlorothiazide (hydrodiuril) in the treatment of nephogenic diabetes insipidus in children; also, use of low sodium diets and aldactone (spironolactone) in the treatment of childhood nephogenic diabetes insipidus.
25	10	90	3.1571405	[use of a cross-circulation technique in studying respiratory responses to co .]	use of chlorothiazide diuril or	use of chlorothiazide (diuril) or hydrochlorothiazide (hydrodiuril) in the treatment of nephogenic diabetes insipidus in children; also, use of low sodium diets and aldactone (spironolactone) in the treatment of childhood nephogenic diabetes insipidus.
26	1	981	6.782782	[a review of immunologic methods for the diagnosis of filariasis.]	methods for experimental production of	methods for experimental production of and known causes of hydrocephalus in animals and humans.
26	2	910	5.4168296	[effect of mycoplasma on interferon production and interferon assay in cell cultures.]	methods for experimental production of	methods for experimental production of and known causes of hydrocephalus in animals and humans.
26	3	974	5.239299	[comparative values of thick drop and concentration methods detection of filaria infection.]	methods for experimental production of	methods for experimental production of and known causes of hydrocephalus in animals and humans.
26	4	1018	5.1789494	[metabolism and excretion of bilirubin c in experimental obstructive jaundice.]	methods for experimental production of	methods for experimental production of and known causes of hydrocephalus in animals and humans.
26	5	909	5.084256	[color test for the measurement of antibody to t-strain mycoplasmas.]	methods for experimental production of	methods for experimental production of and known causes of hydrocephalus in animals and humans.
26	6	215	4.810069	[attenuation curves of the human eye under normal and pathological conditions .]	methods for experimental production of	methods for experimental production of and known causes of hydrocephalus in animals and humans.
26	7	231	4.714546	[experimental emphysema basis, review, and critique .]	methods for experimental production of	methods for experimental production of and known causes of hydrocephalus in animals and humans.
26	8	69	4.557623	[acute experimental pneumococcal (type i) pneumonia in the mouse.]	methods for experimental production of	methods for experimental production of and known causes of hydrocephalus in animals and humans.
26	9	657	4.5539947	[chronic respiratory disease in mice and rats chronic respiratory disease (crd) in both mice and rats embraces two separate entities, namely: infectious catarrh caused by mycoplasmas (pleuropneumonia-like organisms) and enzootic bronchiectasis by a virus.]	methods for experimental production of	methods for experimental production of and known causes of hydrocephalus in animals and humans.
26	10	630	4.501323	[spontaneous verbal rehearsal in a memory task as a function of age a distinction is made between 2 alternative hypotheses for explaining an often-reported deficiency in verbally mediated performance during early childhood: (1) the verbal response is made, but tends not to mediate performance ("mediational-deficiency hypothesis"); (2) the verbal response tends not to be made ("production-deficiency hypothesis").]	methods for experimental production of	methods for experimental production of and known causes of hydrocephalus in animals and humans.
27	1	1024	6.4413404	[some bone lesions in the course of blood diseases with special reference to the formation of bony callus and to the treatment of fractures in patients suffering from blood diseases.]	interested in the parasitic diseases	interested in the parasitic diseases.  filaria parasites found in primates, the insect vectors of filaria, the related diptera, i. e., culicoides, mosquitos, etc., that may serve as vectors of this infection-disease; also the life cycles and transmission of the filaria.  parasites and ecology of the taiwan monkey, macaca cyclopis, with emphasis on the filarial parasite, macacanema formosana.
27	2	983	6.211356	[an evaluation of the bentonite flocculation and indirect hemagglutination tests for the diagnosis of filariasis.]	interested in the parasitic diseases	interested in the parasitic diseases.  filaria parasites found in primates, the insect vectors of filaria, the related diptera, i. e., culicoides, mosquitos, etc., that may serve as vectors of this infection-disease; also the life cycles and transmission of the filaria.  parasites and ecology of the taiwan monkey, macaca cyclopis, with emphasis on the filarial parasite, macacanema formosana.
27	3	17	5.824301	[treatment of collagen diseases with cytostatics .]	interested in the parasitic diseases	interested in the parasitic diseases.  filaria parasites found in primates, the insect vectors of filaria, the related diptera, i. e., culicoides, mosquitos, etc., that may serve as vectors of this infection-disease; also the life cycles and transmission of the filaria.  parasites and ecology of the taiwan monkey, macaca cyclopis, with emphasis on the filarial parasite, macacanema formosana.
27	4	750	5.2804184	[lesions of the liver in hereditary metabolic diseases whether the various cells of the liver, both parenchymal and stromal, receive genetic misinformation in all hereditary diseases caused by gene mutation is unknown, but the metabolic capabilities of these several cell types are so diverse that it is not surprising that their involvement in many such diseases can be demonstrated by clinical, pathological, or bio- chemical methods.]	interested in the parasitic diseases	interested in the parasitic diseases.  filaria parasites found in primates, the insect vectors of filaria, the related diptera, i. e., culicoides, mosquitos, etc., that may serve as vectors of this infection-disease; also the life cycles and transmission of the filaria.  parasites and ecology of the taiwan monkey, macaca cyclopis, with emphasis on the filarial parasite, macacanema formosana.
27	5	701	5.267578	[fibrin and thrombosis in the central nervous system in children with particular reference to congenital hydrocephalus while rare metabolic and degenerative diseases of the central nervous system in children are reported at great length, the much commoner diseases relating to vascular incidents are rarely discussed.]	interested in the parasitic diseases	interested in the parasitic diseases.  filaria parasites found in primates, the insect vectors of filaria, the related diptera, i. e., culicoides, mosquitos, etc., that may serve as vectors of this infection-disease; also the life cycles and transmission of the filaria.  parasites and ecology of the taiwan monkey, macaca cyclopis, with emphasis on the filarial parasite, macacanema formosana.
27	6	655	4.290885	[microbiological studies of reiter's disease attempts were made to demonstrate viruses and pplo in body fluids and synovial tissues of patients with various rheumatic diseases.]	interested in the parasitic diseases	interested in the parasitic diseases.  filaria parasites found in primates, the insect vectors of filaria, the related diptera, i. e., culicoides, mosquitos, etc., that may serve as vectors of this infection-disease; also the life cycles and transmission of the filaria.  parasites and ecology of the taiwan monkey, macaca cyclopis, with emphasis on the filarial parasite, macacanema formosana.
27	7	837	3.477396	[klinik der polyarthrosen among the degenerative affections of joints the symptoms of the arthrosis of the joints of the fingers with heberden-nodes, the bouchard-nodes of the inter- digital joints, the polyarthrosis - on those subjects coste and forestier wrote about and how they were described by lffb too - and the arthropathies of chronic gout are more thoroughly discussed.]	interested in the parasitic diseases	interested in the parasitic diseases.  filaria parasites found in primates, the insect vectors of filaria, the related diptera, i. e., culicoides, mosquitos, etc., that may serve as vectors of this infection-disease; also the life cycles and transmission of the filaria.  parasites and ecology of the taiwan monkey, macaca cyclopis, with emphasis on the filarial parasite, macacanema formosana.
27	8	777	3.441434	[clinical experience with palliation of metastatic adenocarcinoma with 5-fluorouracil chemotherapy chemotherapy of solid tumors is becoming a more and more helpful therapeutic tool.]	interested in the parasitic diseases	interested in the parasitic diseases.  filaria parasites found in primates, the insect vectors of filaria, the related diptera, i. e., culicoides, mosquitos, etc., that may serve as vectors of this infection-disease; also the life cycles and transmission of the filaria.  parasites and ecology of the taiwan monkey, macaca cyclopis, with emphasis on the filarial parasite, macacanema formosana.
27	9	251	3.3526413	[drugs and neonatal jaundice .]	interested in the parasitic diseases	interested in the parasitic diseases.  filaria parasites found in primates, the insect vectors of filaria, the related diptera, i. e., culicoides, mosquitos, etc., that may serve as vectors of this infection-disease; also the life cycles and transmission of the filaria.  parasites and ecology of the taiwan monkey, macaca cyclopis, with emphasis on the filarial parasite, macacanema formosana.
27	10	976	3.2716317	[a polyethylene tube culture method for the diagnosis of parasitic infections by hookworms and related nematodes.]	interested in the parasitic diseases	interested in the parasitic diseases.  filaria parasites found in primates, the insect vectors of filaria, the related diptera, i. e., culicoides, mosquitos, etc., that may serve as vectors of this infection-disease; also the life cycles and transmission of the filaria.  parasites and ecology of the taiwan monkey, macaca cyclopis, with emphasis on the filarial parasite, macacanema formosana.
28	1	774	8.578963	[surgical palliation for lung cancer the results of resecting incurable lung cancer in an effort to improve the terminal course of a small number of patients are briefly presented.]	palliation temporary improvement of cancer	palliation (temporary improvement) of cancer patients by using drugs, x-ray, surgery.
28	2	777	7.847429	[clinical experience with palliation of metastatic adenocarcinoma with 5-fluorouracil chemotherapy chemotherapy of solid tumors is becoming a more and more helpful therapeutic tool.]	palliation temporary improvement of cancer	palliation (temporary improvement) of cancer patients by using drugs, x-ray, surgery.
28	3	995	7.3877378	[cancer chemotherapy by continuous intra-arterial infusion.]	palliation temporary improvement of cancer	palliation (temporary improvement) of cancer patients by using drugs, x-ray, surgery.
28	4	994	6.4182124	[intra-arterial chemotherapy for cancer metastatic to liver.]	palliation temporary improvement of cancer	palliation (temporary improvement) of cancer patients by using drugs, x-ray, surgery.
28	5	772	5.564398	[the montgomery tube to palliate hypopharyngeal cancer three cases of advanced, incurable cancer of the hypopharynx have been presented.]	palliation temporary improvement of cancer	palliation (temporary improvement) of cancer patients by using drugs, x-ray, surgery.
28	6	998	4.9044547	[the management of advanced cancer.]	palliation temporary improvement of cancer	palliation (temporary improvement) of cancer patients by using drugs, x-ray, surgery.
28	7	992	4.8875885	[intra-arterial infusion emphasizing treatment of malignant neoplasms.]	palliation temporary improvement of cancer	palliation (temporary improvement) of cancer patients by using drugs, x-ray, surgery.
28	8	989	4.7655287	[chemotherapy of metastatic gastro-intestinal cancer.]	palliation temporary improvement of cancer	palliation (temporary improvement) of cancer patients by using drugs, x-ray, surgery.
28	9	776	4.651637	[chemotherapy of breast cancer the majority of cancer patients who are referred for chemotherapy are in far advanced stages of the disease.]	palliation temporary improvement of cancer	palliation (temporary improvement) of cancer patients by using drugs, x-ray, surgery.
28	10	141	4.6124673	[lung cancer.]	palliation temporary improvement of cancer	palliation (temporary improvement) of cancer patients by using drugs, x-ray, surgery.
29	1	866	7.423377	[albright's hereditary osteodystrophy.]	hereditary implications of prolonged neonatal	hereditary implications of prolonged neonatal obstructive jaundice associated with liver pathology.  there are but two relatively common well-defined pathologic entities that present as such:  1) bile duct or biliary atresia and 2) giant cell transformation of the liver often referred to as neonatal hepatitis.  information regarding liver and bile duct embryogenesis will be an important adjunct to papers on the disease processes.
29	2	1006	6.383724	[the importance of steroid hormones in hyperbilirubinemia, and icterus of the newborn.]	hereditary implications of prolonged neonatal	hereditary implications of prolonged neonatal obstructive jaundice associated with liver pathology.  there are but two relatively common well-defined pathologic entities that present as such:  1) bile duct or biliary atresia and 2) giant cell transformation of the liver often referred to as neonatal hepatitis.  information regarding liver and bile duct embryogenesis will be an important adjunct to papers on the disease processes.
29	3	1012	6.17975	[hepatitis virus in neonatal liver disease.]	hereditary implications of prolonged neonatal	hereditary implications of prolonged neonatal obstructive jaundice associated with liver pathology.  there are but two relatively common well-defined pathologic entities that present as such:  1) bile duct or biliary atresia and 2) giant cell transformation of the liver often referred to as neonatal hepatitis.  information regarding liver and bile duct embryogenesis will be an important adjunct to papers on the disease processes.
29	4	954	6.1553745	[salt and water distribution in hereditary and in induced hypothalamic diabetes insipidus in the rat.]	hereditary implications of prolonged neonatal	hereditary implications of prolonged neonatal obstructive jaundice associated with liver pathology.  there are but two relatively common well-defined pathologic entities that present as such:  1) bile duct or biliary atresia and 2) giant cell transformation of the liver often referred to as neonatal hepatitis.  information regarding liver and bile duct embryogenesis will be an important adjunct to papers on the disease processes.
29	5	1007	6.138656	[problems in neonatal obstructive jaundice.]	hereditary implications of prolonged neonatal	hereditary implications of prolonged neonatal obstructive jaundice associated with liver pathology.  there are but two relatively common well-defined pathologic entities that present as such:  1) bile duct or biliary atresia and 2) giant cell transformation of the liver often referred to as neonatal hepatitis.  information regarding liver and bile duct embryogenesis will be an important adjunct to papers on the disease processes.
29	6	1015	5.8552547	[neonatal hepatitis or familial neonatal obstructive jaundice?.]	hereditary implications of prolonged neonatal	hereditary implications of prolonged neonatal obstructive jaundice associated with liver pathology.  there are but two relatively common well-defined pathologic entities that present as such:  1) bile duct or biliary atresia and 2) giant cell transformation of the liver often referred to as neonatal hepatitis.  information regarding liver and bile duct embryogenesis will be an important adjunct to papers on the disease processes.
29	7	853	5.8239903	[a genetic study of neonatal obstructive jaundice 58 children with extrahepatic biliary atresia, 7 with intrahepatic biliary atresia and 50 with 'neonatal hepatitis' were analysed concerning diagnostic criteria, natural history, familial, clinical and pathological data.]	hereditary implications of prolonged neonatal	hereditary implications of prolonged neonatal obstructive jaundice associated with liver pathology.  there are but two relatively common well-defined pathologic entities that present as such:  1) bile duct or biliary atresia and 2) giant cell transformation of the liver often referred to as neonatal hepatitis.  information regarding liver and bile duct embryogenesis will be an important adjunct to papers on the disease processes.
29	8	1013	5.4953465	[neonatal hepatitis: liver biopsy findings and clinical features.]	hereditary implications of prolonged neonatal	hereditary implications of prolonged neonatal obstructive jaundice associated with liver pathology.  there are but two relatively common well-defined pathologic entities that present as such:  1) bile duct or biliary atresia and 2) giant cell transformation of the liver often referred to as neonatal hepatitis.  information regarding liver and bile duct embryogenesis will be an important adjunct to papers on the disease processes.
29	9	1011	5.3594065	[transient familial neonatal hyperbilirubinemia.]	hereditary implications of prolonged neonatal	hereditary implications of prolonged neonatal obstructive jaundice associated with liver pathology.  there are but two relatively common well-defined pathologic entities that present as such:  1) bile duct or biliary atresia and 2) giant cell transformation of the liver often referred to as neonatal hepatitis.  information regarding liver and bile duct embryogenesis will be an important adjunct to papers on the disease processes.
29	10	757	5.158388	[les icteres du nouveau-ne en dehors de l'incompatibilite foeto-maternelle statistical data pulled off a study of 30 haemolytic neonatal icteri not linked to a foeto-maternal incompatibility, and of 200 non haemo- lytic neonatal icteri.]	hereditary implications of prolonged neonatal	hereditary implications of prolonged neonatal obstructive jaundice associated with liver pathology.  there are but two relatively common well-defined pathologic entities that present as such:  1) bile duct or biliary atresia and 2) giant cell transformation of the liver often referred to as neonatal hepatitis.  information regarding liver and bile duct embryogenesis will be an important adjunct to papers on the disease processes.
30	1	1027	19.500732	[concurrent hemophilia and christmas' disease in one family.]	hemophilia and christmas disease especially	hemophilia and christmas disease, especially in regard to the specific complication of pseudotumor formation (occurrence, pathogenesis, treatment, prognosis).
30	2	1020	6.2943406	[immunological demonstration of factor viii protein in the plasma of hemophiliacs and its value for an insight into hemophilia a.]	hemophilia and christmas disease especially	hemophilia and christmas disease, especially in regard to the specific complication of pseudotumor formation (occurrence, pathogenesis, treatment, prognosis).
30	3	841	6.2433143	[hemophilic arthropathy jaromir priborsky, zora antalovska the authors report their experience with joint diseases in 54 patients suffering from hemo- philia, 49 of them being cases of hemophilia a, 5 of hemophilia b.]	hemophilia and christmas disease especially	hemophilia and christmas disease, especially in regard to the specific complication of pseudotumor formation (occurrence, pathogenesis, treatment, prognosis).
30	4	1033	6.122548	[hemorrhagic episodes in hemophilia: a 5-year prospective study.]	hemophilia and christmas disease especially	hemophilia and christmas disease, especially in regard to the specific complication of pseudotumor formation (occurrence, pathogenesis, treatment, prognosis).
30	5	139	5.79701	[surgical aspects of heart disease in pregnancy .]	hemophilia and christmas disease especially	hemophilia and christmas disease, especially in regard to the specific complication of pseudotumor formation (occurrence, pathogenesis, treatment, prognosis).
30	6	1025	5.726308	[studies of the antihemophilic factor (ahf, factor viii) produced in von willebrand's disease.]	hemophilia and christmas disease especially	hemophilia and christmas disease, especially in regard to the specific complication of pseudotumor formation (occurrence, pathogenesis, treatment, prognosis).
30	7	114	5.5318084	[congenital heart disease in the adult .]	hemophilia and christmas disease especially	hemophilia and christmas disease, especially in regard to the specific complication of pseudotumor formation (occurrence, pathogenesis, treatment, prognosis).
30	8	830	4.9381475	[hip disarticulation in a patient with hemophilia disarticulation of the hip in a hemophiliac patient was performed because of a severe osteomyelitis involving the entire right femur and was lifesaving.]	hemophilia and christmas disease especially	hemophilia and christmas disease, especially in regard to the specific complication of pseudotumor formation (occurrence, pathogenesis, treatment, prognosis).
30	9	117	4.019272	[current techniques in the surgical approach to aortic and mitral valvular disease .]	hemophilia and christmas disease especially	hemophilia and christmas disease, especially in regard to the specific complication of pseudotumor formation (occurrence, pathogenesis, treatment, prognosis).
30	10	97	3.883669	[attitudinal factors in congenital heart disease .]	hemophilia and christmas disease especially	hemophilia and christmas disease, especially in regard to the specific complication of pseudotumor formation (occurrence, pathogenesis, treatment, prognosis).
